k,m,mu_star,std_dev_full_data,std_dev_mle_only,info_loss_ratio,mu_acceptance_rate
3.0,20,9.8682915214453,0.34011882240814095,0.2599134244991756,0.7641841832184186,0.3076923076923077
50.0,20,9.936037210394765,0.22889743539231366,0.22751749040258493,0.9939713392272674,0.29774325810860364
